Muhamed/Walied/muhamed@1/12
Abdullah/Muhamed/abdullah@1/123
Youseef/Muhsen/youseef@1/122
Amr/Khaled/amr@1/1234
Ibrahim/Salam/ibrahim@1/124
Ahmed/Ashraf/ahmed@1/12
Mido/Sameh/mido@1/12
